rank,generic,brand,class,moa,indication,dosing,adverse_effects,boxed_warning,interactions,nursing_note,high_alert,color_group,study_family
1,Atorvastatin,Lipitor,Statin,"Inhibits HMG-CoA reductase, lowering LDL","High cholesterol, CV risk reduction",,"Muscle pain, rhabdomyolysis, raised LFTs",No,,Any time of day. Report unexplained muscle pain.,No,Cardiovascular,Lipid-Lowering
2,Levothyroxine,Synthroid,Thyroid Hormone,Synthetic T4 replaces thyroid hormone,Hypothyroidism,,"Tachycardia, tremor, weight loss, insomnia (overdose)",Yes,,Empty stomach 30-60 min before breakfast. Separate from calcium/iron by 4 hr.,No,Endocrine,Thyroid Hormone
3,Metformin,Glucophage,Biguanide,Decreases liver glucose output; improves insulin sensitivity,Type 2 diabetes,,"GI upset, diarrhea, B12 deficiency, rare lactic acidosis",Yes,,Take with meals. Hold for iodinated contrast; check kidney function.,No,Endocrine,Non-Insulin Diabetes Drugs
4,Amlodipine,Norvasc,Calcium Channel Blocker (DHP),Blocks calcium entry into vascular smooth muscle,"Hypertension, angina",,"Ankle edema, flushing, headache, dizziness",No,,"Once daily. Edema is dose-related, not fluid overload.",No,Cardiovascular,Calcium Channel Blockers
5,Lisinopril,Zestril/Prinivil,ACE Inhibitor,Blocks conversion of angiotensin I to II,"Hypertension, heart failure, post-MI",,"Dry cough, hyperkalemia, angioedema, dizziness",Yes,,"Monitor BP, K+, creatinine. Avoid in pregnancy.",No,Cardiovascular,RAAS Blockers
6,Albuterol,ProAir/Ventolin,Short-Acting Beta-2 Agonist,Stimulates beta-2 receptors to relax airway muscle,"Acute bronchospasm, asthma, COPD",,"Tachycardia, tremor, nervousness, hypokalemia",No,,Rescue inhaler. Needing it more than 2 days/week signals poor control.,No,Respiratory,Rescue Bronchodilators
7,Losartan,Cozaar,ARB,Blocks angiotensin II at its receptor,"Hypertension, diabetic nephropathy",,"Dizziness, hyperkalemia, hypotension",Yes,,No ACE-inhibitor cough. Avoid in pregnancy.,No,Cardiovascular,RAAS Blockers
8,Metoprolol,Lopressor/Toprol-XL,Beta Blocker (Beta-1 Selective),"Blocks beta-1 receptors, lowering HR and contractility","Hypertension, angina, heart failure, post-MI",,"Bradycardia, fatigue, hypotension, masks hypoglycemia",Yes,,Check apical pulse/BP. Never stop abruptly.,No,Cardiovascular,Beta Blockers
9,Rosuvastatin,Crestor,Statin,Inhibits HMG-CoA reductase,"High cholesterol, CV risk reduction",,"Myalgia, raised LFTs, proteinuria",No,,High-intensity statin. Any time of day. Lower doses in Asian patients.,No,Cardiovascular,Lipid-Lowering
10,Omeprazole,Prilosec,Proton Pump Inhibitor,Irreversibly blocks the gastric proton pump,"GERD, ulcers, H. pylori (combo)",,"Headache, diarrhea; long-term: C. diff, fractures, low Mg, low B12",No,,Take 30-60 min before breakfast. Use the lowest effective duration.,No,Gastrointestinal,Acid Reducers
11,Gabapentin,Neurontin,Gabapentinoid Anticonvulsant,"Binds calcium channel alpha-2-delta subunit, reducing excitatory signals","Neuropathic pain, postherpetic neuralgia, seizures",,"Drowsiness, dizziness, edema, ataxia",No,,Taper to stop. Respiratory depression risk with opioids. Adjust in kidney disease.,No,Neuro & Psych,Anticonvulsants & Mood Stabilizers
12,Sertraline,Zoloft,SSRI,Blocks serotonin reuptake,"Depression, anxiety, OCD, PTSD, panic",,"Nausea, diarrhea, insomnia, sexual dysfunction",Yes,,Takes 4-6 weeks. Watch for suicidal thoughts and serotonin syndrome.,No,Neuro & Psych,Antidepressants
13,Escitalopram,Lexapro,SSRI,Selectively blocks serotonin reuptake,"Depression, generalized anxiety",,"Nausea, insomnia, sexual dysfunction, QT prolongation",Yes,,Takes 4-6 weeks. Taper to stop.,No,Neuro & Psych,Antidepressants
14,Semaglutide,Ozempic/Wegovy/Rybelsus,GLP-1 Receptor Agonist,"Boosts glucose-dependent insulin, slows gastric emptying, reduces appetite","Type 2 diabetes, weight management, CV risk",,"Nausea, vomiting, diarrhea, pancreatitis, gallbladder disease",Yes,,Weekly injection (oral daily). Contraindicated with MTC/MEN2 history.,No,Endocrine,Non-Insulin Diabetes Drugs
15,Amphetamine mixed salts,Adderall,CNS Stimulant,Releases dopamine and norepinephrine,"ADHD, narcolepsy",,"Insomnia, appetite loss, tachycardia, anxiety",Yes,,"Schedule II. Give in the morning. Monitor BP, HR, growth.",No,Neuro & Psych,ADHD Medications
16,Pantoprazole,Protonix,Proton Pump Inhibitor,Irreversibly blocks the gastric proton pump,"GERD, erosive esophagitis, GI bleed prophylaxis",,"Headache, diarrhea; long-term low Mg, C. diff",No,,Before breakfast. IV form used in hospital for GI bleeds.,No,Gastrointestinal,Acid Reducers
17,Bupropion,Wellbutrin,NDRI Antidepressant,Blocks dopamine and norepinephrine reuptake,"Depression, seasonal affective disorder, smoking cessation",,"Insomnia, dry mouth, agitation, seizures (dose-related)",Yes,,No sexual side effects. Avoid with seizure or eating disorders.,No,Neuro & Psych,Antidepressants
18,Hydrochlorothiazide,Microzide,Thiazide Diuretic,Blocks sodium reabsorption in the distal tubule,"Hypertension, edema",,"Hypokalemia, hyponatremia, hyperglycemia, hyperuricemia",No,,Take in the morning. Monitor electrolytes. Sun sensitivity.,No,Cardiovascular,Diuretics
19,Fluoxetine,Prozac,SSRI,Blocks serotonin reuptake,"Depression, OCD, bulimia, panic",,"Insomnia, anxiety, nausea, sexual dysfunction",Yes,,Longest half-life SSRI; take in the morning.,No,Neuro & Psych,Antidepressants
20,Trazodone,Desyrel,SARI Antidepressant,Blocks serotonin 5-HT2A receptors and reuptake,Depression; off-label insomnia,,"Sedation, orthostatic hypotension, priapism",Yes,,Give at bedtime. Priapism is an emergency.,No,Neuro & Psych,Antidepressants
21,Montelukast,Singulair,Leukotriene Receptor Antagonist,Blocks leukotriene receptors,"Asthma maintenance, allergic rhinitis, exercise bronchospasm",,"Headache, mood changes, nightmares, suicidal thoughts",Yes,,Evening dosing. Not for acute attacks. Report behavior changes.,No,Respiratory,Leukotriene Receptor Antagonist
22,Amoxicillin,Amoxil,Aminopenicillin,Inhibits bacterial cell wall synthesis,"Ear, sinus, throat, skin infections; H. pylori",,"Diarrhea, rash, allergic reactions",No,,Ask about penicillin allergy. Finish the full course.,No,Anti-Infectives,Penicillins
23,Fluticasone (nasal/inhaled),Flonase/Flovent,Corticosteroid,Reduces local airway inflammation,"Allergic rhinitis (nasal), asthma maintenance (inhaled)",,"Nosebleeds, oral thrush, hoarseness",No,,Rinse mouth after inhaled use. Not a rescue drug.,No,Respiratory,Maintenance Inhalers
24,Tamsulosin,Flomax,Alpha-1 Blocker (Uroselective),Relaxes prostate and bladder-neck smooth muscle,Benign prostatic hyperplasia,,"Dizziness, orthostatic hypotension, abnormal ejaculation",No,,Take 30 min after the same meal daily. Tell eye surgeon (floppy iris).,No,Women's & Men's Health,Prostate & Erectile Health
25,Apixaban,Eliquis,Factor Xa Inhibitor (DOAC),Directly inhibits factor Xa,"AFib stroke prevention, DVT/PE",,"Bleeding, bruising",Yes,,No INR monitoring. Stopping early raises stroke risk. Reversal: andexanet alfa.,Yes,Cardiovascular,Anticoagulants
26,Simvastatin,Zocor,Statin,Inhibits HMG-CoA reductase,High cholesterol,,"Myopathy, rhabdomyolysis, raised LFTs",No,,Take in the evening. Many CYP3A4 interactions; avoid grapefruit.,No,Cardiovascular,Lipid-Lowering
27,Insulin glargine,Lantus/Basaglar/Toujeo,Long-Acting Insulin,Replaces basal insulin; promotes glucose uptake,Type 1 and 2 diabetes (basal),,"Hypoglycemia, weight gain, injection-site lipohypertrophy",No,,"Once daily, same time. No peak. Do not mix with other insulins.",Yes,Endocrine,Insulins
28,Empagliflozin,Jardiance,SGLT2 Inhibitor,Blocks renal glucose reabsorption,"Type 2 diabetes, heart failure, chronic kidney disease",,"UTIs, genital yeast infections, dehydration, ketoacidosis",No,,Hold before surgery. Good genital hygiene; stay hydrated.,No,Endocrine,Non-Insulin Diabetes Drugs
29,Furosemide,Lasix,Loop Diuretic,Blocks Na/K/2Cl in the loop of Henle,"Edema, heart failure, hypertension",,"Hypokalemia, dehydration, hypotension, ototoxicity",Yes,,"Monitor K+, weight, I&O. Give IV push slowly.",No,Cardiovascular,Diuretics
30,Meloxicam,Mobic,NSAID (COX-2 Preferential),Inhibits prostaglandin synthesis,"Osteoarthritis, rheumatoid arthritis",,"GI bleeding, kidney injury, edema, raised BP",Yes,,Take with food. Boxed warning: CV events and GI bleeding.,No,Pain & Musculoskeletal,Non-Opioid Analgesics
31,Hydrocodone/acetaminophen,Norco/Vicodin,Opioid Combination,Mu-opioid agonist plus central analgesic,Moderate to severe pain,,"Constipation, sedation, respiratory depression, dependence",Yes,,Schedule II. Count all acetaminophen (max 4 g/day).,Yes,Pain & Musculoskeletal,Opioids
32,Tirzepatide,Mounjaro/Zepbound,GIP / GLP-1 Receptor Agonist,Activates GIP and GLP-1 receptors to raise insulin and reduce appetite,"Type 2 diabetes, weight management",,"Nausea, vomiting, diarrhea, pancreatitis",Yes,,Weekly injection. May reduce oral contraceptive absorption.,No,Endocrine,Non-Insulin Diabetes Drugs
33,Methylphenidate,Ritalin/Concerta,CNS Stimulant,Blocks dopamine and norepinephrine reuptake,"ADHD, narcolepsy",,"Insomnia, appetite loss, tachycardia",Yes,,Schedule II. Monitor growth in children. Morning dosing.,No,Neuro & Psych,ADHD Medications
34,Duloxetine,Cymbalta,SNRI,Blocks serotonin and norepinephrine reuptake,"Depression, anxiety, neuropathic pain, fibromyalgia",,"Nausea, dry mouth, sweating, raised BP, liver injury",Yes,,Taper to stop (discontinuation syndrome). Avoid heavy alcohol.,No,Neuro & Psych,Antidepressants
35,Prednisone,Deltasone,Systemic Corticosteroid,Suppresses inflammation and immune response,"Inflammation, asthma flares, autoimmune disease",,"Hyperglycemia, insomnia, mood changes, infection risk, bone loss",No,,Take in the morning with food. Taper long courses.,No,Endocrine,Systemic Corticosteroid
36,Carvedilol,Coreg,Beta Blocker with Alpha-1 Blockade,"Blocks beta-1, beta-2 and alpha-1 receptors","Heart failure, hypertension, post-MI",,"Dizziness, orthostatic hypotension, bradycardia, fatigue",No,,Take with food. Do not stop abruptly.,No,Cardiovascular,Beta Blockers
37,Famotidine,Pepcid,H2 Receptor Antagonist,Blocks histamine H2 receptors in the stomach,"GERD, peptic ulcer, heartburn",,"Headache, dizziness, confusion in older adults",No,,Reduce dose in kidney disease.,No,Gastrointestinal,Acid Reducers
38,Ibuprofen,Advil/Motrin,NSAID,Non-selectively inhibits COX-1 and COX-2,"Pain, fever, inflammation",,"GI upset/bleeding, kidney injury, raised BP",Yes,,Take with food. Avoid in late pregnancy and kidney disease.,No,Pain & Musculoskeletal,Non-Opioid Analgesics
39,Buspirone,Buspar,Anxiolytic (5-HT1A Partial Agonist),Partial agonist at serotonin 5-HT1A receptors,Generalized anxiety disorder,,"Dizziness, headache, nausea",No,,Not habit-forming. Takes 2-4 weeks. Not for acute panic.,No,Neuro & Psych,Anxiety & Sleep
40,Venlafaxine,Effexor XR,SNRI,Blocks serotonin and norepinephrine reuptake,"Depression, anxiety, panic",,"Nausea, sweating, raised BP, insomnia",Yes,,Severe discontinuation symptoms; taper slowly.,No,Neuro & Psych,Antidepressants
41,Tramadol,Ultram,Opioid Analgesic (Mu Agonist + SNRI),Weak mu agonist; blocks serotonin/NE reuptake,Moderate to severe pain,,"Nausea, dizziness, seizures, serotonin syndrome",Yes,,Schedule IV. Avoid with SSRIs/SNRIs and seizure history.,No,Pain & Musculoskeletal,Opioids
42,Potassium chloride,K-Dur/Klor-Con,Electrolyte Supplement,Replaces potassium,Hypokalemia prevention and treatment,,"GI irritation, hyperkalemia",No,,Take with food and a full glass of water; do not crush ER tabs.,No,Renal & Electrolytes,Electrolyte Supplement
43,Hydroxyzine,Atarax/Vistaril,1st-Gen Antihistamine,Blocks H1 receptors centrally and peripherally,"Anxiety, itching, sedation",,"Drowsiness, dry mouth, QT prolongation",No,,Fall risk in older adults (anticholinergic).,No,Allergy,Antihistamines
44,Allopurinol,Zyloprim,Xanthine Oxidase Inhibitor,Blocks uric acid production,"Gout prevention, tumor lysis prevention",,"Rash (stop immediately), SJS, GI upset",No,,Not for acute attacks. Drink plenty of fluids.,No,Pain & Musculoskeletal,Xanthine Oxidase Inhibitor
45,Clopidogrel,Plavix,P2Y12 Inhibitor (Antiplatelet),Irreversibly blocks platelet ADP receptors,"ACS, after stents, stroke/MI prevention",,"Bleeding, bruising, rare TTP",Yes,,Poor CYP2C19 metabolizers get less effect. Hold 5 days before surgery.,No,Cardiovascular,Antiplatelets
46,Ergocalciferol (vitamin D2),Drisdol,Vitamin,Converted to active vitamin D; increases calcium absorption,"Vitamin D deficiency, hypoparathyroidism",,"Hypercalcemia with excess (nausea, weakness)",No,,High-dose capsules are usually weekly.,No,Vitamins & Supplements,Vitamins
47,Cetirizine,Zyrtec,2nd-Gen Antihistamine,Blocks peripheral H1 receptors,"Allergic rhinitis, hives",,"Mild drowsiness, dry mouth",No,,Most sedating 2nd-gen antihistamine.,No,Allergy,Antihistamines
48,Ondansetron,Zofran,5-HT3 Antagonist (Antiemetic),Blocks serotonin 5-HT3 receptors,"Nausea/vomiting (chemo, post-op)",,"Headache, constipation, QT prolongation",No,,Check ECG risk factors. ODT dissolves on the tongue.,No,Gastrointestinal,5-HT3 Antagonist (Antiemetic)
49,Cyclobenzaprine,Flexeril,Skeletal Muscle Relaxant,Acts centrally at the brainstem to reduce muscle tone,Acute muscle spasm,,"Drowsiness, dry mouth, dizziness",No,,Short-term use only. Avoid in older adults (Beers).,No,Pain & Musculoskeletal,Muscle Relaxants
50,Spironolactone,Aldactone,Aldosterone Antagonist Diuretic,Blocks aldosterone in the distal tubule,"Heart failure, hypertension, edema, acne",,"Hyperkalemia, gynecomastia, menstrual changes",No,,Avoid potassium supplements and salt substitutes.,No,Cardiovascular,Diuretics
51,Oxycodone,Roxicodone/OxyContin,Opioid Analgesic,Mu-opioid receptor agonist,Moderate to severe pain,,"Constipation, sedation, respiratory depression, dependence",Yes,,Schedule II. Never crush ER tablets. Keep naloxone available.,Yes,Pain & Musculoskeletal,Opioids
52,Estradiol,Estrace,Estrogen,Replaces estrogen,"Menopausal symptoms, hypoestrogenism, osteoporosis prevention",,"Breast tenderness, nausea, clots, stroke",Yes,,"Add progestin if uterus present. Lowest dose, shortest time.",No,Women's & Men's Health,Hormone Therapy
53,Aspirin,Bayer/Ecotrin,Antiplatelet / NSAID,"Irreversibly inhibits COX, blocking thromboxane","MI and stroke prevention, pain, fever",,"GI bleeding, tinnitus (toxicity)",No,,Avoid in children with viral illness (Reye's syndrome).,No,Cardiovascular,Antiplatelets
54,Glipizide,Glucotrol,Sulfonylurea,Stimulates insulin release from beta cells,Type 2 diabetes,,"Hypoglycemia, weight gain",No,,Take 30 min before breakfast. Do not skip meals.,Yes,Endocrine,Non-Insulin Diabetes Drugs
55,Zolpidem,Ambien,Nonbenzodiazepine Hypnotic,Enhances GABA-A activity,Insomnia,,"Next-day drowsiness, complex sleep behaviors",Yes,,Take right before bed with 7-8 hours to sleep. Lower dose in women.,No,Neuro & Psych,Anxiety & Sleep
56,Lamotrigine,Lamictal,Anticonvulsant / Mood Stabilizer,Blocks voltage-gated sodium channels,"Seizures, bipolar maintenance",,"Dizziness, rash, Stevens-Johnson syndrome",Yes,,Slow titration. Stop and report any rash.,No,Neuro & Psych,Anticonvulsants & Mood Stabilizers
57,Alprazolam,Xanax,Benzodiazepine,Enhances GABA-A activity,"Anxiety, panic disorder",,"Sedation, dependence, respiratory depression with opioids",Yes,,Schedule IV. Taper to stop; withdrawal can cause seizures.,No,Neuro & Psych,Anxiety & Sleep
58,Citalopram,Celexa,SSRI,Blocks serotonin reuptake,Depression,,"Nausea, sexual dysfunction, QT prolongation",Yes,,Max 20 mg in patients over 60.,No,Neuro & Psych,Antidepressants
59,Pregabalin,Lyrica,Gabapentinoid Anticonvulsant,Binds calcium channel alpha-2-delta subunit,"Neuropathic pain, fibromyalgia, seizures",,"Dizziness, drowsiness, edema, weight gain",No,,Schedule V. Taper to stop.,No,Neuro & Psych,Anticonvulsants & Mood Stabilizers
60,Cholecalciferol (vitamin D3),Various,Vitamin,Converted to active vitamin D; increases calcium absorption,"Vitamin D deficiency, bone health",,Hypercalcemia with excess,No,,Fat-soluble; take with a meal containing fat.,No,Vitamins & Supplements,Vitamins
61,Clonazepam,Klonopin,Benzodiazepine,Enhances GABA-A activity,"Panic disorder, seizures",,"Sedation, ataxia, dependence",Yes,,Schedule IV. Long-acting; taper slowly.,No,Neuro & Psych,Anxiety & Sleep
62,Azithromycin,Zithromax,Macrolide Antibiotic,Inhibits bacterial protein synthesis (50S),"Respiratory infections, chlamydia",,"Diarrhea, nausea, QT prolongation",No,,Short course (Z-Pak). Separate from Al/Mg antacids.,No,Anti-Infectives,Macrolide Antibiotic
63,Pravastatin,Pravachol,Statin,Inhibits HMG-CoA reductase,High cholesterol,,"Myalgia, raised LFTs",No,,Few CYP interactions compared with other statins.,No,Cardiovascular,Lipid-Lowering
64,Valsartan,Diovan,ARB,Blocks angiotensin II receptors,"Hypertension, heart failure",,"Dizziness, hyperkalemia, hypotension",Yes,,Avoid in pregnancy. Monitor K+ and creatinine.,No,Cardiovascular,RAAS Blockers
65,Ezetimibe,Zetia,Cholesterol Absorption Inhibitor,Blocks intestinal cholesterol absorption,High cholesterol (with or without statin),,"Diarrhea, joint pain, raised LFTs with statins",No,,Take 2 hr before or 4 hr after bile acid sequestrants.,No,Cardiovascular,Lipid-Lowering
66,Diclofenac,Voltaren,NSAID,Inhibits COX-1 and COX-2,"Arthritis pain, inflammation (oral and topical gel)",,"GI bleeding, liver injury, raised BP",Yes,,Topical gel has less systemic exposure.,No,Pain & Musculoskeletal,Non-Opioid Analgesics
67,Insulin lispro,Humalog/Admelog,Rapid-Acting Insulin,Promotes glucose uptake into cells,Type 1 and 2 diabetes (mealtime),,"Hypoglycemia, hypokalemia",No,,Onset ~15 min. Give within 15 min of eating.,Yes,Endocrine,Insulins
68,Norethindrone/ethinyl estradiol,Loestrin/Junel,Combined Oral Contraceptive,Suppresses ovulation; thickens cervical mucus,Pregnancy prevention,,"Spotting, nausea, clots, raised BP",Yes,,Smoking over age 35 greatly raises CV risk.,No,Women's & Men's Health,Contraceptives
69,Propranolol,Inderal,Beta Blocker (Non-Selective),Blocks beta-1 and beta-2 receptors,"Hypertension, migraine prevention, tremor, anxiety",,"Bradycardia, bronchospasm, fatigue, masks hypoglycemia",Yes,,Avoid in asthma. Do not stop abruptly.,No,Cardiovascular,Beta Blockers
70,Latanoprost,Xalatan,Prostaglandin Analog (Eye),Increases aqueous humor outflow,"Glaucoma, ocular hypertension",,"Iris darkening, eyelash growth, eye redness",No,,One drop at bedtime. Remove contacts; wait 15 min.,No,Eye & Skin,Prostaglandin Analog (Eye)
71,Atenolol,Tenormin,Beta Blocker (Beta-1 Selective),Blocks beta-1 receptors,"Hypertension, angina, post-MI",,"Bradycardia, fatigue, dizziness",Yes,,Renally cleared; adjust in kidney disease. Taper to stop.,No,Cardiovascular,Beta Blockers
72,Lisdexamfetamine,Vyvanse,CNS Stimulant (Prodrug),Converted to dextroamphetamine; releases dopamine/NE,"ADHD, binge-eating disorder",,"Insomnia, appetite loss, tachycardia, dry mouth",Yes,,Schedule II. Capsule can be opened into water or yogurt.,No,Neuro & Psych,ADHD Medications
73,Doxycycline,Vibramycin,Tetracycline Antibiotic,Inhibits bacterial protein synthesis (30S),"Acne, Lyme disease, chlamydia, pneumonia",,"Photosensitivity, esophagitis, GI upset",No,,Full glass of water; stay upright 30 min. Avoid in pregnancy and young children.,No,Anti-Infectives,Tetracycline Antibiotic
74,Amoxicillin/clavulanate,Augmentin,Penicillin + Beta-Lactamase Inhibitor,Cell wall inhibitor; clavulanate blocks beta-lactamase,"Sinusitis, otitis, bites, skin and respiratory infections",,"Diarrhea (more than amoxicillin), rash",No,,Take with food to reduce GI upset.,No,Anti-Infectives,Penicillins
75,Dulaglutide,Trulicity,GLP-1 Receptor Agonist,"Increases insulin, slows gastric emptying","Type 2 diabetes, CV risk reduction",,"Nausea, vomiting, diarrhea, pancreatitis",Yes,,Once-weekly injection.,No,Endocrine,Non-Insulin Diabetes Drugs
76,Lisinopril/hydrochlorothiazide,Zestoretic,ACE Inhibitor + Thiazide,Blocks angiotensin II formation plus thiazide diuresis,Hypertension,,"Cough, dizziness, electrolyte changes",Yes,,"Monitor K+, Na+, creatinine. Avoid in pregnancy.",No,Cardiovascular,RAAS Blockers
77,Lorazepam,Ativan,Benzodiazepine,Enhances GABA-A activity,"Anxiety, status epilepticus, sedation",,"Sedation, respiratory depression, dependence",Yes,,Schedule IV. IV drug of choice for status epilepticus.,No,Neuro & Psych,Anxiety & Sleep
78,Fluticasone/salmeterol,Advair,ICS + LABA,Reduces airway inflammation plus long-acting bronchodilation,Asthma and COPD maintenance,,"Thrush, hoarseness, headache",No,,Rinse mouth after use. Not for acute attacks.,No,Respiratory,Maintenance Inhalers
79,Insulin aspart,Novolog,Rapid-Acting Insulin,Promotes glucose uptake into cells,Type 1 and 2 diabetes (mealtime),,"Hypoglycemia, hypokalemia",No,,Give 5-10 min before meals.,Yes,Endocrine,Insulins
80,Celecoxib,Celebrex,NSAID (COX-2 Selective),Selectively inhibits COX-2,"Osteoarthritis, rheumatoid arthritis, acute pain",,"CV events, GI bleeding (less), edema",Yes,,Caution with sulfonamide allergy.,No,Pain & Musculoskeletal,Non-Opioid Analgesics
81,Finasteride,Proscar/Propecia,5-Alpha Reductase Inhibitor,Blocks conversion of testosterone to DHT,"BPH, male-pattern hair loss",,"Decreased libido, erectile dysfunction",No,,Pregnant people should not handle crushed tablets. Lowers PSA.,No,Women's & Men's Health,Prostate & Erectile Health
82,Quetiapine,Seroquel,Atypical Antipsychotic,Blocks dopamine D2 and serotonin 5-HT2A,"Schizophrenia, bipolar disorder, adjunct for depression",,"Sedation, weight gain, hyperglycemia, orthostasis",Yes,,"Monitor weight, glucose, lipids.",No,Neuro & Psych,Atypical Antipsychotic
83,Clonidine,Catapres,Central Alpha-2 Agonist,Reduces sympathetic outflow from the brain,"Hypertension, ADHD, withdrawal symptoms",,"Drowsiness, dry mouth, bradycardia",No,,Stopping abruptly causes rebound hypertension.,No,Cardiovascular,Other BP Drugs & Vasodilators
84,Aripiprazole,Abilify,Atypical Antipsychotic,Partial agonist at D2 and 5-HT1A,"Schizophrenia, bipolar disorder, adjunct for depression",,"Akathisia, insomnia, impulse-control problems",Yes,,Lower metabolic risk than other atypicals.,No,Neuro & Psych,Atypical Antipsychotic
85,Cephalexin,Keflex,1st-Gen Cephalosporin,Inhibits bacterial cell wall synthesis,"Skin infections, UTI, strep throat",,"Diarrhea, rash",No,,Low cross-reactivity with penicillin allergy; ask about the reaction.,No,Anti-Infectives,Cephalosporins
86,Alendronate,Fosamax,Bisphosphonate,Inhibits bone breakdown by osteoclasts,Osteoporosis,,"Esophagitis, GI upset, rare jaw osteonecrosis",No,,"Empty stomach, full glass of water, stay upright 30 min.",No,Endocrine,Bisphosphonate
87,Topiramate,Topamax,Anticonvulsant,"Blocks sodium channels, enhances GABA","Seizures, migraine prevention",,"Cognitive slowing, paresthesia, kidney stones, weight loss",No,,Drink plenty of water. Teratogenic; reduces OC effectiveness at high doses.,No,Neuro & Psych,Anticonvulsants & Mood Stabilizers
88,Tizanidine,Zanaflex,Central Alpha-2 Agonist (Muscle Relaxant),Reduces spinal motor neuron activity,Spasticity,,"Drowsiness, hypotension, dry mouth, liver injury",No,,Avoid with ciprofloxacin or fluvoxamine. Taper to stop.,No,Pain & Musculoskeletal,Muscle Relaxants
89,Dapagliflozin,Farxiga,SGLT2 Inhibitor,Blocks renal glucose reabsorption,"Type 2 diabetes, heart failure, CKD",,"Genital infections, UTIs, dehydration, ketoacidosis",No,,Hold before surgery. Stay hydrated.,No,Endocrine,Non-Insulin Diabetes Drugs
90,Oxycodone/acetaminophen,Percocet,Opioid Combination,Mu-opioid agonist plus central analgesic,Moderate to severe pain,,"Constipation, sedation, respiratory depression",Yes,,Schedule II. Count total daily acetaminophen.,Yes,Pain & Musculoskeletal,Opioids
91,Losartan/hydrochlorothiazide,Hyzaar,ARB + Thiazide,Blocks angiotensin II receptors plus thiazide diuresis,Hypertension,,"Dizziness, electrolyte changes",Yes,,Avoid in pregnancy. Monitor K+.,No,Cardiovascular,RAAS Blockers
92,Olmesartan,Benicar,ARB,Blocks angiotensin II receptors,Hypertension,,"Dizziness, hyperkalemia, sprue-like diarrhea",Yes,,Report severe chronic diarrhea. Avoid in pregnancy.,No,Cardiovascular,RAAS Blockers
93,Testosterone,AndroGel/Depo-Testosterone,Androgen,Replaces testosterone,Low testosterone (hypogonadism),,"Acne, polycythemia, raised BP, edema",Yes,,Gel: cover site and wash hands; avoid skin contact with women/children.,No,Women's & Men's Health,Hormone Therapy
94,Amitriptyline,Elavil,Tricyclic Antidepressant,Blocks serotonin and norepinephrine reuptake,"Depression, neuropathic pain, migraine prevention",,"Sedation, dry mouth, constipation, orthostasis",Yes,,Give at bedtime. Overdose is highly cardiotoxic.,No,Neuro & Psych,Antidepressants
95,Folic acid,Folvite,Vitamin (B9),Needed for DNA synthesis and red cell production,"Folate deficiency, pregnancy (neural tube prevention), methotrexate",,Rarely: GI upset,No,,Can mask B12 deficiency anemia.,No,Vitamins & Supplements,Vitamins
96,Rivaroxaban,Xarelto,Factor Xa Inhibitor (DOAC),Directly inhibits factor Xa,"AFib stroke prevention, DVT/PE",,"Bleeding, bruising",Yes,,15 and 20 mg doses with the evening meal. Stopping early raises stroke risk.,Yes,Cardiovascular,Anticoagulants
97,Fenofibrate,Tricor,Fibrate,"Activates PPAR-alpha, increasing fat breakdown",High triglycerides,,"Myopathy (with statins), gallstones, raised LFTs",No,,Monitor kidney function.,No,Cardiovascular,Lipid-Lowering
98,Triamcinolone,Kenalog,Corticosteroid (Topical / Injectable),Reduces inflammation and immune response,"Skin inflammation (topical), joint injections",,"Skin thinning (topical), raised glucose (injection)",No,,Avoid long use on face and skin folds.,No,Immunology,Corticosteroid (Topical / Injectable)
99,Paroxetine,Paxil,SSRI,Blocks serotonin reuptake,"Depression, anxiety, PTSD, OCD",,"Sedation, weight gain, sexual dysfunction, anticholinergic effects",Yes,,Worst SSRI discontinuation syndrome. Avoid in pregnancy.,No,Neuro & Psych,Antidepressants
100,Ferrous sulfate,Feosol,Iron Supplement,Replaces iron for hemoglobin production,Iron-deficiency anemia,,"Constipation, dark stools, GI upset",No,,Best on empty stomach with vitamin C. Keep away from children.,No,Vitamins & Supplements,Iron Supplement
101,Loratadine,Claritin,2nd-Gen Antihistamine,Blocks peripheral H1 receptors,"Allergic rhinitis, hives",,"Headache, minimal drowsiness",No,,Once daily; non-sedating for most people.,No,Allergy,Antihistamines
102,Warfarin,Coumadin/Jantoven,Vitamin K Antagonist,"Inhibits vitamin K-dependent clotting factors (II, VII, IX, X)","AFib, DVT/PE, mechanical valves",,"Bleeding, bruising, skin necrosis",Yes,,Monitor INR (usually 2-3). Consistent vitamin K diet. Antidote: vitamin K.,Yes,Cardiovascular,Anticoagulants
103,Valacyclovir,Valtrex,Antiviral (Nucleoside Analog),Prodrug of acyclovir; inhibits viral DNA polymerase,"Herpes zoster, genital herpes, cold sores",,"Headache, nausea, kidney injury",No,,Start early (within 72 hr for shingles). Stay hydrated.,No,Anti-Infectives,Antivirals
104,Budesonide/formoterol,Symbicort,ICS + LABA,Reduces inflammation plus long-acting bronchodilation,Asthma and COPD maintenance,,"Thrush, hoarseness, tremor",No,,Rinse mouth after use. Some asthma plans also use it as reliever.,No,Respiratory,Maintenance Inhalers
105,Norgestimate/ethinyl estradiol,Ortho Tri-Cyclen,Combined Oral Contraceptive,Suppresses ovulation,"Pregnancy prevention, acne",,"Spotting, nausea, clots",Yes,,Smoking over age 35 greatly raises CV risk.,No,Women's & Men's Health,Contraceptives
106,Fluticasone/umeclidinium/vilanterol,Trelegy Ellipta,ICS + LAMA + LABA,Anti-inflammatory plus two long-acting bronchodilators,COPD and asthma maintenance,,"Thrush, headache, upper respiratory infection",No,,One inhalation daily. Rinse mouth after use.,No,Respiratory,Maintenance Inhalers
107,Methocarbamol,Robaxin,Skeletal Muscle Relaxant,General CNS depression,Acute muscle spasm,,"Drowsiness, dizziness, dark urine",No,,"Harmless urine color change (brown, black, green).",No,Pain & Musculoskeletal,Muscle Relaxants
108,Acetaminophen,Tylenol,Analgesic / Antipyretic,Inhibits prostaglandin synthesis in the CNS,"Pain, fever",,Liver injury in overdose,No,,Max 4 g/day (lower with liver disease or alcohol use). Antidote: acetylcysteine.,No,Pain & Musculoskeletal,Non-Opioid Analgesics
109,Diltiazem,Cardizem,Calcium Channel Blocker (Non-DHP),Slows AV-node conduction; relaxes vessels,"AFib rate control, angina, hypertension",,"Bradycardia, hypotension, edema, constipation",No,,Hold for low HR/BP. Many CYP3A4 interactions.,No,Cardiovascular,Calcium Channel Blockers
110,Thyroid (desiccated),Armour Thyroid,Thyroid Hormone,Natural T3 and T4 from porcine thyroid,Hypothyroidism,,"Palpitations, tremor, insomnia (excess)",Yes,,Potency can vary more than levothyroxine.,No,Endocrine,Thyroid Hormone
111,Baclofen,Lioresal,GABA-B Agonist (Muscle Relaxant),Activates GABA-B receptors in the spinal cord,"Spasticity (MS, spinal cord injury)",,"Drowsiness, weakness, dizziness",No,,"Never stop abruptly (hallucinations, seizures).",No,Pain & Musculoskeletal,Muscle Relaxants
112,Naproxen,Aleve/Naprosyn,NSAID,Non-selectively inhibits COX,"Pain, arthritis, gout, dysmenorrhea",,"GI bleeding, kidney injury, raised BP",Yes,,Take with food. Twice-daily dosing.,No,Pain & Musculoskeletal,Non-Opioid Analgesics
113,Sumatriptan,Imitrex,Triptan (5-HT1B/1D Agonist),Constricts cranial blood vessels,Acute migraine,,"Chest tightness, tingling, dizziness",No,,Avoid with CAD or uncontrolled hypertension. Not for prevention.,No,Neuro & Psych,Migraine
114,Prednisolone,Millipred/Orapred,Systemic Corticosteroid,Suppresses inflammation and immune response,"Asthma flares, inflammation (liquid for children)",,"Hyperglycemia, mood changes, insomnia",No,,Take with food in the morning.,No,Endocrine,Systemic Corticosteroid
115,Esomeprazole,Nexium,Proton Pump Inhibitor,Irreversibly blocks the gastric proton pump,"GERD, erosive esophagitis, H. pylori",,"Headache, diarrhea; long-term low Mg, fractures",No,,Take at least 1 hr before a meal.,No,Gastrointestinal,Acid Reducers
116,Mirtazapine,Remeron,Tetracyclic Antidepressant,"Blocks alpha-2 receptors, increasing serotonin and NE",Depression,,"Sedation, increased appetite, weight gain",Yes,,Bedtime dosing. Useful when sleep and appetite are poor.,No,Neuro & Psych,Antidepressants
117,Levetiracetam,Keppra,Anticonvulsant,Binds synaptic vesicle protein SV2A,Focal and generalized seizures,,"Drowsiness, irritability, mood changes",No,,Few drug interactions. Adjust dose in kidney disease.,No,Neuro & Psych,Anticonvulsants & Mood Stabilizers
118,Norethindrone,Camila/Errin,Progestin-Only Contraceptive,Thickens cervical mucus,Pregnancy prevention (incl. breastfeeding),,"Irregular bleeding, headache",No,,Take at the same time daily; a 3-hr delay needs backup.,No,Women's & Men's Health,Contraceptives
119,Tadalafil,Cialis,PDE-5 Inhibitor,"Increases cGMP, relaxing smooth muscle","Erectile dysfunction, BPH, pulmonary hypertension",,"Headache, flushing, back pain",No,,Never with nitrates (severe hypotension). Lasts up to 36 hr.,No,Women's & Men's Health,Prostate & Erectile Health
120,Nifedipine,Procardia/Adalat CC,Calcium Channel Blocker (DHP),Relaxes vascular smooth muscle,"Hypertension, angina, Raynaud's",,"Edema, flushing, headache, reflex tachycardia",No,,Use extended-release; do not crush.,No,Cardiovascular,Calcium Channel Blockers
121,Progesterone,Prometrium,Progestin,Replaces progesterone,"Endometrial protection with estrogen, amenorrhea",,"Drowsiness, dizziness, breast tenderness",Yes,,Take at bedtime. Contains peanut oil.,No,Women's & Men's Health,Hormone Therapy
122,Insulin degludec,Tresiba,Ultra-Long-Acting Insulin,Replaces basal insulin; lasts over 42 hr,Type 1 and 2 diabetes (basal),,"Hypoglycemia, weight gain",No,,"Once daily, flexible timing (8 hr apart minimum).",Yes,Endocrine,Insulins
123,Cyanocobalamin (vitamin B12),Nascobal,Vitamin,Needed for red cell production and nerve function,"B12 deficiency, pernicious anemia",,"Rare: injection-site pain, hypokalemia early in treatment",No,,Pernicious anemia needs injection or nasal form.,No,Vitamins & Supplements,Vitamins
124,Hydralazine,Apresoline,Direct Arterial Vasodilator,Relaxes arteriolar smooth muscle,"Hypertension, heart failure (with nitrates)",,"Reflex tachycardia, headache, lupus-like syndrome",No,,Often given with a beta blocker.,No,Cardiovascular,Other BP Drugs & Vasodilators
125,Adalimumab,Humira,TNF-Alpha Inhibitor,Monoclonal antibody that neutralizes TNF-alpha,"RA, psoriasis, Crohn's, ulcerative colitis",,"Serious infections, injection-site reactions, lymphoma",Yes,,Screen for TB and hepatitis B first. No live vaccines.,No,Immunology,TNF-Alpha Inhibitor
126,Azelastine,Astelin/Astepro,Intranasal Antihistamine,Blocks H1 receptors in the nose,Allergic and nonallergic rhinitis,,"Bitter taste, drowsiness, nasal irritation",No,,Tilt head down while spraying to reduce bitter taste.,No,Allergy,Antihistamines
127,Sitagliptin,Januvia,DPP-4 Inhibitor,Increases incretin levels (GLP-1),Type 2 diabetes,,"Headache, nasopharyngitis, pancreatitis",No,,Weight neutral. Adjust dose in kidney disease.,No,Endocrine,Non-Insulin Diabetes Drugs
128,Glimepiride,Amaryl,Sulfonylurea,Stimulates insulin release from beta cells,Type 2 diabetes,,"Hypoglycemia, weight gain",No,,Take with breakfast. Caution in older adults.,Yes,Endocrine,Non-Insulin Diabetes Drugs
129,Chlorthalidone,Thalitone,Thiazide-Like Diuretic,Blocks sodium reabsorption in the distal tubule,"Hypertension, edema",,"Hypokalemia, hyponatremia, hyperuricemia",No,,Longer-acting than HCTZ. Take in the morning.,No,Cardiovascular,Diuretics
130,Oxybutynin,Ditropan,Antimuscarinic (Bladder),Blocks muscarinic receptors in the bladder,Overactive bladder,,"Dry mouth, constipation, confusion in older adults",No,,Anticholinergic; avoid in older adults when possible (Beers).,No,Renal & Electrolytes,Antimuscarinic (Bladder)
131,Pioglitazone,Actos,Thiazolidinedione,Improves insulin sensitivity via PPAR-gamma,Type 2 diabetes,,"Edema, weight gain, heart failure, fractures",Yes,,Avoid in heart failure. Monitor weight and LFTs.,No,Endocrine,Non-Insulin Diabetes Drugs
132,Ketoconazole,Nizoral,Azole Antifungal (Topical),Inhibits ergosterol synthesis,"Fungal skin infections, dandruff (topical)",,"Topical: irritation. Oral: liver toxicity, QT prolongation",Yes,,Oral use is limited due to hepatotoxicity; many interactions.,No,Eye & Skin,Azole Antifungal (Topical)
133,Irbesartan,Avapro,ARB,Blocks angiotensin II receptors,"Hypertension, diabetic nephropathy",,"Dizziness, hyperkalemia",Yes,,Avoid in pregnancy.,No,Cardiovascular,RAAS Blockers
134,Hydroxychloroquine,Plaquenil,Antimalarial / DMARD,Modulates immune response,"Lupus, rheumatoid arthritis, malaria",,"Retinal toxicity, GI upset, QT prolongation",No,,Baseline and yearly eye exams.,No,Immunology,Antimalarial / DMARD
135,Sulfamethoxazole/trimethoprim,Bactrim,Sulfonamide Antibiotic,Blocks bacterial folate synthesis,"UTI, MRSA skin infections, PCP",,"Rash, SJS, hyperkalemia, photosensitivity",No,,Drink plenty of water. Check sulfa allergy. Raises warfarin effect.,No,Anti-Infectives,Sulfonamide Antibiotic
136,Benzonatate,Tessalon,Antitussive,Numbs stretch receptors in the lungs,Cough,,"Drowsiness, dizziness; choking if chewed",No,,Swallow whole. Fatal overdose in young children.,No,Respiratory,Antitussive
137,Nitrofurantoin,Macrobid,Urinary Antibacterial,Damages bacterial DNA in the urine,Uncomplicated UTI,,"Nausea, brown urine, rare lung or liver toxicity",No,,Take with food. Avoid with poor kidney function.,No,Anti-Infectives,Urinary Antibacterial
138,Isosorbide mononitrate,Imdur,Nitrate Vasodilator,"Releases nitric oxide, dilating veins",Angina prevention,,"Headache, dizziness, hypotension",No,,Needs a nitrate-free period daily. Never with PDE-5 inhibitors.,No,Cardiovascular,Other BP Drugs & Vasodilators
139,Methylprednisolone,Medrol,Systemic Corticosteroid,Suppresses inflammation and immune response,"Inflammation, allergic reactions, flares",,"Hyperglycemia, insomnia, mood changes",No,,Dose pack tapers over 6 days. Take with food.,No,Endocrine,Systemic Corticosteroid
140,Triamterene/hydrochlorothiazide,Maxzide/Dyazide,K-Sparing + Thiazide Diuretic,Blocks sodium channels plus thiazide diuresis,"Hypertension, edema",,"Hyperkalemia, dizziness",Yes,,Avoid potassium supplements and salt substitutes.,No,Cardiovascular,Diuretics
141,Levocetirizine,Xyzal,2nd-Gen Antihistamine,Blocks peripheral H1 receptors,"Allergic rhinitis, hives",,"Drowsiness, dry mouth",No,,Take in the evening.,No,Allergy,Antihistamines
142,Clindamycin,Cleocin,Lincosamide Antibiotic,Inhibits bacterial protein synthesis (50S),"Skin, dental, anaerobic infections",,"Diarrhea, C. difficile colitis, rash",Yes,,Report severe or persistent diarrhea.,No,Anti-Infectives,Lincosamide Antibiotic
143,Atomoxetine,Strattera,Non-Stimulant ADHD Medication,Selectively blocks norepinephrine reuptake,ADHD,,"Nausea, decreased appetite, suicidal thoughts, liver injury",Yes,,Not controlled. Takes several weeks to work.,No,Neuro & Psych,ADHD Medications
144,Dexmethylphenidate,Focalin,CNS Stimulant,Blocks dopamine and norepinephrine reuptake,ADHD,,"Insomnia, appetite loss, tachycardia",Yes,,Schedule II. Morning dosing.,No,Neuro & Psych,ADHD Medications
145,Methotrexate,Trexall/Otrexup,Antimetabolite / DMARD,Folic acid antagonist,"RA, psoriasis, cancers",,"Bone marrow suppression, liver toxicity, mouth sores",Yes,,Weekly (not daily) for RA. Folic acid supplement. Avoid pregnancy.,Yes,Immunology,Antimetabolite / DMARD
146,Donepezil,Aricept,Cholinesterase Inhibitor,Increases acetylcholine in the brain,Alzheimer's dementia,,"Nausea, diarrhea, bradycardia, vivid dreams",No,,Slows decline; does not cure.,No,Neuro & Psych,Dementia
147,Desvenlafaxine,Pristiq,SNRI,Blocks serotonin and norepinephrine reuptake,Depression,,"Nausea, sweating, raised BP",Yes,,Taper to stop.,No,Neuro & Psych,Antidepressants
148,Ropinirole,Requip,Dopamine Agonist,Stimulates dopamine receptors,"Parkinson's disease, restless legs syndrome",,"Nausea, sleep attacks, impulse-control disorders",No,,Warn about sudden sleepiness while driving.,No,Neuro & Psych,Dopamine Agonist
149,Clobetasol,Temovate,Super-High-Potency Topical Steroid,Reduces skin inflammation,"Severe psoriasis, eczema",,"Skin thinning, striae, HPA suppression",No,,"Limit to 2 weeks. Avoid face, groin, armpits.",No,Eye & Skin,Super-High-Potency Topical Steroid
150,Fluticasone/vilanterol,Breo Ellipta,ICS + LABA,Reduces inflammation plus long-acting bronchodilation,Asthma and COPD maintenance,,"Thrush, headache, upper respiratory infection",No,,Once daily. Rinse mouth after use.,No,Respiratory,Maintenance Inhalers
151,Albuterol/ipratropium,Combivent/DuoNeb,SABA + SAMA,Beta-2 agonist plus anticholinergic bronchodilation,COPD bronchospasm,,"Dry mouth, tremor, tachycardia",No,,Avoid spraying into eyes (glaucoma risk).,No,Respiratory,Rescue Bronchodilators
152,Phentermine,Adipex-P,Sympathomimetic Anorectic,"Releases norepinephrine, suppressing appetite",Short-term weight loss,,"Insomnia, raised BP and HR, dry mouth",No,,Schedule IV. Short-term use. Avoid with heart disease.,No,Endocrine,Sympathomimetic Anorectic
153,Ofloxacin,Floxin,Fluoroquinolone Antibiotic,Inhibits bacterial DNA gyrase,Ear and eye infections (drops),,"Local irritation, taste changes (drops)",No,,Systemic fluoroquinolones carry tendon rupture warnings.,No,Anti-Infectives,Fluoroquinolone Antibiotic
154,Mupirocin,Bactroban,Topical Antibiotic,Inhibits bacterial protein synthesis,"Impetigo, MRSA nasal decolonization",,"Burning, itching at site",No,,Apply thin layer; wash hands afterward.,No,Eye & Skin,Topical Antibiotic
155,Verapamil,Calan,Calcium Channel Blocker (Non-DHP),Slows SA/AV node conduction,"Hypertension, angina, SVT, migraine prevention",,"Constipation, bradycardia, hypotension",No,,Avoid with beta blockers in heart failure. Increase fiber.,No,Cardiovascular,Calcium Channel Blockers
156,Olanzapine,Zyprexa,Atypical Antipsychotic,Blocks D2 and 5-HT2A receptors,"Schizophrenia, bipolar disorder",,"Major weight gain, hyperglycemia, sedation",Yes,,"Monitor weight, glucose, lipids.",No,Neuro & Psych,Atypical Antipsychotic
157,Metronidazole,Flagyl,Nitroimidazole Antimicrobial,Disrupts DNA in anaerobes and protozoa,"C. diff, bacterial vaginosis, trichomoniasis",,"Metallic taste, nausea, neuropathy",Yes,,No alcohol during and for 3 days after.,No,Anti-Infectives,Nitroimidazole Antimicrobial
158,Prazosin,Minipress,Alpha-1 Blocker,"Blocks alpha-1 receptors, dilating vessels","Hypertension, PTSD nightmares (off-label)",,"First-dose syncope, dizziness",No,,Give the first dose at bedtime.,No,Cardiovascular,Other BP Drugs & Vasodilators
159,Ciprofloxacin,Cipro,Fluoroquinolone Antibiotic,Inhibits bacterial DNA gyrase,"UTI, GI infections, bone infections",,"Tendon rupture, neuropathy, QT prolongation, C. diff",Yes,,"Separate from dairy, antacids, iron by 2 hr.",No,Anti-Infectives,Fluoroquinolone Antibiotic
160,Sildenafil,Viagra/Revatio,PDE-5 Inhibitor,"Increases cGMP, relaxing smooth muscle","Erectile dysfunction, pulmonary hypertension",,"Headache, flushing, blue-tinted vision",No,,Never with nitrates. Seek care for erections over 4 hr.,No,Women's & Men's Health,Prostate & Erectile Health
161,Levonorgestrel/ethinyl estradiol,Aviane/Seasonique,Combined Oral Contraceptive,Suppresses ovulation,Pregnancy prevention,,"Spotting, nausea, clots",Yes,,Smoking over age 35 greatly raises CV risk.,No,Women's & Men's Health,Contraceptives
162,Evolocumab,Repatha,PCSK9 Inhibitor,Antibody that keeps LDL receptors active,"High LDL, clinical ASCVD",,"Injection-site reactions, nasopharyngitis",No,,Subcut every 2 weeks or monthly.,No,Cardiovascular,Lipid-Lowering
163,Mesalamine,Lialda/Asacol,Aminosalicylate (5-ASA),Reduces inflammation in the colon lining,Ulcerative colitis,,"Headache, abdominal pain, kidney injury",No,,Swallow whole. Monitor kidney function.,No,Gastrointestinal,Aminosalicylate (5-ASA)
164,Memantine,Namenda,NMDA Receptor Antagonist,Blocks excess glutamate activity,Moderate to severe Alzheimer's dementia,,"Dizziness, headache, constipation",No,,Often combined with donepezil.,No,Neuro & Psych,Dementia
165,Etonogestrel/ethinyl estradiol,NuvaRing,Combined Hormonal Contraceptive Ring,Suppresses ovulation,Pregnancy prevention,,"Vaginal irritation, headache, clots",Yes,,"Leave in 3 weeks, out 1 week. Smoking over 35 raises CV risk.",No,Women's & Men's Health,Contraceptives
166,Diazepam,Valium,Benzodiazepine,Enhances GABA-A activity,"Anxiety, muscle spasm, alcohol withdrawal, seizures",,"Sedation, ataxia, respiratory depression",Yes,,Schedule IV. Very long half-life; fall risk in older adults.,No,Neuro & Psych,Anxiety & Sleep
167,Lithium,Lithobid,Mood Stabilizer,Alters sodium transport and neurotransmission,Bipolar disorder,,"Tremor, polyuria, thirst, hypothyroidism",Yes,,Level 0.6-1.2 mEq/L. Keep salt and fluid intake steady.,No,Neuro & Psych,Anticonvulsants & Mood Stabilizers
168,Nortriptyline,Pamelor,Tricyclic Antidepressant,Blocks norepinephrine and serotonin reuptake,"Depression, neuropathic pain",,"Dry mouth, constipation, orthostasis",Yes,,Fewer anticholinergic effects than amitriptyline.,No,Neuro & Psych,Antidepressants
169,Timolol,Timoptic,Beta Blocker (Eye),Reduces aqueous humor production,Glaucoma,,"Eye stinging, bradycardia, bronchospasm",No,,Systemic absorption possible; press on tear duct after drops.,No,Eye & Skin,Beta Blocker (Eye)
170,Cefdinir,Omnicef,3rd-Gen Cephalosporin,Inhibits bacterial cell wall synthesis,"Otitis media, sinusitis, pneumonia, skin infections",,"Diarrhea, red stools (with iron)",No,,Separate from iron and antacids by 2 hr.,No,Anti-Infectives,Cephalosporins
171,Magnesium salts,Mag-Ox,Electrolyte Supplement,Replaces magnesium,"Low magnesium, constipation, heartburn",,Diarrhea; toxicity in kidney failure,No,,Separate from many oral antibiotics.,No,Renal & Electrolytes,Electrolyte Supplement
172,Meclizine,Antivert,1st-Gen Antihistamine (Vertigo),Blocks H1 receptors in the vestibular system,"Vertigo, motion sickness",,"Drowsiness, dry mouth",No,,Take 1 hr before travel. Fall risk in older adults.,No,Allergy,Antihistamines
173,Cyclosporine,Neoral/Sandimmune,Calcineurin Inhibitor,"Inhibits calcineurin, blocking T-cell activation","Transplant rejection prevention, RA, psoriasis",,"Nephrotoxicity, hypertension, gum overgrowth",Yes,,Monitor levels. Avoid grapefruit.,No,Immunology,Calcineurin Inhibitor
174,Fluconazole,Diflucan,Azole Antifungal,Inhibits fungal ergosterol synthesis,"Candida infections, cryptococcal meningitis",,"Headache, nausea, liver injury, QT prolongation",No,,Many interactions (raises warfarin effect).,No,Anti-Infectives,Azole Antifungal
175,Rimegepant,Nurtec ODT,CGRP Receptor Antagonist,Blocks CGRP receptors,Acute migraine and prevention,,Nausea,No,,Dissolve on the tongue. No vasoconstriction (unlike triptans).,No,Neuro & Psych,Migraine
176,Tretinoin,Retin-A,Topical Retinoid,Increases skin cell turnover,"Acne, photoaging",,"Dryness, peeling, sun sensitivity",No,,Apply at night; use sunscreen. Avoid in pregnancy.,No,Eye & Skin,Topical Retinoid
177,Lovastatin,Mevacor,Statin,Inhibits HMG-CoA reductase,High cholesterol,,"Myalgia, raised LFTs",No,,Take with the evening meal. Avoid grapefruit.,No,Cardiovascular,Lipid-Lowering
178,Drospirenone/ethinyl estradiol,Yaz/Yasmin,Combined Oral Contraceptive,Suppresses ovulation; drospirenone is anti-mineralocorticoid,"Pregnancy prevention, PMDD, acne",,"Hyperkalemia, clots, spotting",Yes,,Check K+ with ACE inhibitors or ARBs. Smoking over 35 raises risk.,No,Women's & Men's Health,Contraceptives
179,Tiotropium,Spiriva,LAMA,Blocks muscarinic receptors in the airways,COPD and asthma maintenance,,"Dry mouth, urinary retention, constipation",No,,Do not swallow capsules; use with the inhaler device.,No,Respiratory,Maintenance Inhalers
180,Docusate,Colace,Stool Softener,Lets water into the stool,Constipation prevention,,"Mild cramping, diarrhea",No,,Does not stimulate the bowel; drink plenty of water.,No,Gastrointestinal,Laxatives
181,Temazepam,Restoril,Benzodiazepine (Hypnotic),Enhances GABA-A activity,Short-term insomnia,,"Drowsiness, dizziness, dependence",Yes,,Schedule IV. Take 30 min before bed.,No,Neuro & Psych,Anxiety & Sleep
182,Benazepril,Lotensin,ACE Inhibitor,Blocks conversion of angiotensin I to II,Hypertension,,"Dry cough, hyperkalemia, angioedema",Yes,,Avoid in pregnancy.,No,Cardiovascular,RAAS Blockers
183,Brimonidine,Alphagan,Alpha-2 Agonist (Eye),Reduces aqueous humor production,"Glaucoma, ocular hypertension",,"Eye redness, dry mouth, fatigue",No,,Not for infants (CNS depression).,No,Eye & Skin,Alpha-2 Agonist (Eye)
184,Sacubitril/valsartan,Entresto,ARNI,Neprilysin inhibitor plus ARB,Heart failure (HFrEF),,"Hypotension, hyperkalemia, angioedema",Yes,,36-hr washout after stopping an ACE inhibitor. Avoid in pregnancy.,No,Cardiovascular,RAAS Blockers
185,Valproate/divalproex,Depakote,Anticonvulsant / Mood Stabilizer,Increases GABA; blocks sodium and calcium channels,"Seizures, bipolar mania, migraine prevention",,"Liver toxicity, pancreatitis, tremor, weight gain",Yes,,Monitor LFTs and levels (50-100 mcg/mL). Highly teratogenic.,No,Neuro & Psych,Anticonvulsants & Mood Stabilizers
186,Nebivolol,Bystolic,Beta-1 Selective Blocker (Vasodilating),Blocks beta-1; releases nitric oxide,Hypertension,,"Headache, fatigue, bradycardia",No,,Do not stop abruptly.,No,Cardiovascular,Beta Blockers
187,Acyclovir,Zovirax,Antiviral (Nucleoside Analog),Inhibits viral DNA polymerase,"Herpes simplex, shingles, chickenpox",,"Nausea, kidney injury (IV)",No,,"Hydrate well, especially with IV use.",No,Anti-Infectives,Antivirals
188,Morphine,MS Contin,Opioid Analgesic,Mu-opioid receptor agonist,Severe pain,,"Respiratory depression, constipation, hypotension",Yes,,Schedule II. Never crush ER tablets. Antidote: naloxone.,Yes,Pain & Musculoskeletal,Opioids
189,Doxazosin,Cardura,Alpha-1 Blocker,Blocks alpha-1 receptors,"BPH, hypertension",,"First-dose syncope, dizziness",No,,First dose at bedtime.,No,Cardiovascular,Other BP Drugs & Vasodilators
190,Amlodipine/benazepril,Lotrel,CCB + ACE Inhibitor,Vasodilation plus angiotensin blockade,Hypertension,,"Edema, cough, dizziness",Yes,,Avoid in pregnancy.,No,Cardiovascular,RAAS Blockers
191,Nirmatrelvir/ritonavir,Paxlovid,SARS-CoV-2 Protease Inhibitor + Booster,Blocks viral protease; ritonavir boosts levels,Mild-moderate COVID-19 in high-risk patients,,"Altered taste, diarrhea",Yes,,Start within 5 days of symptoms. Check all drug interactions.,No,Anti-Infectives,Antivirals
192,Emtricitabine/tenofovir,Truvada/Descovy,NRTI Combination,Blocks HIV reverse transcriptase,"HIV treatment, HIV PrEP",,"Nausea, kidney injury, bone loss",Yes,,Confirm HIV-negative before PrEP. HBV flare on stopping.,No,Anti-Infectives,Antivirals
193,Budesonide,Pulmicort/Entocort,Corticosteroid,Local anti-inflammatory effect,"Asthma (inhaled), Crohn's disease (oral)",,"Thrush (inhaled), headache",No,,Rinse mouth after inhaled use.,No,Respiratory,Maintenance Inhalers
194,Tacrolimus,Prograf,Calcineurin Inhibitor,"Inhibits calcineurin, blocking T-cell activation",Organ transplant rejection prevention,,"Nephrotoxicity, tremor, hyperglycemia, hyperkalemia",Yes,,Monitor trough levels. Avoid grapefruit.,No,Immunology,Calcineurin Inhibitor
195,Dupilumab,Dupixent,IL-4 / IL-13 Blocker (Monoclonal Antibody),Blocks IL-4 and IL-13 signaling,"Eczema, asthma, chronic sinusitis with polyps",,"Conjunctivitis, injection-site reactions",No,,Subcut every 2 weeks. Avoid live vaccines.,No,Immunology,IL-4 / IL-13 Blocker (Monoclonal Antibody)
196,Enalapril,Vasotec,ACE Inhibitor,Blocks conversion of angiotensin I to II,"Hypertension, heart failure",,"Dry cough, hyperkalemia, angioedema",Yes,,IV form: enalaprilat. Avoid in pregnancy.,No,Cardiovascular,RAAS Blockers
197,Anastrozole,Arimidex,Aromatase Inhibitor,Blocks estrogen production,Hormone-receptor-positive breast cancer (postmenopausal),,"Hot flashes, joint pain, bone loss",No,,Monitor bone density.,No,Women's & Men's Health,Aromatase Inhibitor
198,Melatonin,Various,Sleep Aid / Supplement,Mimics the natural sleep hormone,"Insomnia, jet lag",,"Drowsiness, headache, vivid dreams",No,,Take 30-60 min before bed. Supplements are not FDA-regulated for dose accuracy.,No,Vitamins & Supplements,Sleep Aid / Supplement
199,Torsemide,Demadex,Loop Diuretic,Blocks Na/K/2Cl in the loop of Henle,"Edema, heart failure, hypertension",,"Hypokalemia, dehydration, dizziness",No,,Longer-acting than furosemide. Monitor K+ and weight.,No,Cardiovascular,Diuretics
200,Polyethylene glycol 3350,MiraLAX,Osmotic Laxative,Draws water into the colon,"Constipation, bowel prep",,"Bloating, cramping, diarrhea",No,,Mix in 4-8 oz of fluid. Works in 1-3 days.,No,Gastrointestinal,Laxatives
